{"WE DON'T TRUST YOU": {"name": ["Like That", "BAND4BAND (feat. Lil Baby)", "IDGAF (feat. Yeat)", "Nightcrawler (feat. Swae Lee & Chief Keef)", "Mask Off", "ONE CALL", "Ric Flair Drip (with Metro Boomin)", "redrum", "Tell Em", "MILLION DOLLAR BABY", "HUMBLE.", "Tomioka"], "track uri": ["spotify:track:2tudvzsrR56uom6smgOcSf", "spotify:track:7iabz12vAuVQYyekFIWJxD", "spotify:track:2YSzYUF3jWqb9YP9VXmpjE", "spotify:track:3xby7fOyqmeON8jsnom0AT", "spotify:track:0VgkVdmE4gld66l8iyGjgx", "spotify:track:69phA1R4gmQsBFRQ3INW8C", "spotify:track:7sO5G9EABYOXQKNPNiE9NR", "spotify:track:52eIcoLUM25zbQupAZYoFh", "spotify:track:7nc7mlSdWYeFom84zZ8Wr8", "spotify:track:7fzHQizxTqy8wTXwlrgPQQ", "spotify:track:7KXjTSCq5nL1LoYtL7XAwS", "spotify:track:6pDEVRbnV7xwT0EHFY41HC"], "acousticness": [0.00709, 0.359, 0.0466, 0.0013, 0.0102, 0.00617, 0.149, 0.00598, 0.103, 0.0982, 0.000282, 0.086], "danceability": [0.814, 0.882, 0.673, 0.522, 0.833, 0.65, 0.88, 0.625, 0.672, 0.849, 0.908, 0.761], "energy": [0.676, 0.764, 0.672, 0.731, 0.434, 0.539, 0.428, 0.733, 0.717, 0.699, 0.621, 0.573], "instrumentalness": [1.28e-05, 0, 0.000284, 0, 0.0219, 2.67e-05, 5.05e-05, 0.000983, 0, 0.000215, 5.39e-05, 0], "liveness": [0.119, 0.119, 0.193, 0.132, 0.165, 0.114, 0.114, 0.375, 0.398, 0.068, 0.0958, 0.128], "loudness": [-4.67, -5.241, -8.577, -3.803, -8.795, -7.281, -8.28, -8.757, -7.476, -5.106, -6.638, -11.405], "speechiness": [0.231, 0.204, 0.224, 0.0325, 0.431, 0.0561, 0.206, 0.0488, 0.226, 0.0436, 0.102, 0.436], "tempo": [162.012, 140.113, 136.902, 124.055, 150.062, 158.105, 100.007, 172.09, 157.905, 138.003, 150.011, 154.189], "valence": [0.312, 0.886, 0.14, 0.179, 0.281, 0.253, 0.333, 0.244, 0.473, 0.927, 0.421, 0.606], "popularity": [89, 90, 79, 80, 82, 82, 85, 86, 73, 78, 85, 59]}, "A Bar Song (Tipsy)": {"name": ["A Bar Song (Tipsy)", "I Had Some Help (Feat. Morgan Wallen)", "Austin (Boots Stop Workin')", "Lies Lies Lies", "28", "Pink Skies", "Scared To Start", "I Remember Everything (feat. Kacey Musgraves)", "Last Night", "Ain't No Love In Oklahoma (From Twisters: The Album)", "Something in the Orange", "Fast Car", "Cowgirls (feat. ERNEST)", "you look like you love me (feat. Riley Green)", "Where the Wild Things Are", "High Road (feat. Jessie Murph)", "Thinkin\u2019 Bout Me", "When It Rains It Pours", "Wind Up Missin' You", "Cowboys Cry Too (with Noah Kahan)", "Tennessee Whiskey", "TEXAS HOLD 'EM", "You Should Probably Leave", "All Your'n", "Buy Dirt", "Wild Ones (feat. Jelly Roll)", "We Ride", "Coal", "Where It Ends", "Wondering Why", "One Man Band", "Porch Light", "What He'll Never Have", "23", "Tennessee Orange", "Straight and Narrow", "Pretty Little Poison", "TRUCK BED", "White Horse", "I Am Not Okay", "Watermelon Moonshine", "Next Thing You Know", "Devil You Know", "Am I Okay?", "Think I'm In Love With You", "Wagon Wheel", "Rock and A Hard Place", "The Painter", "Chicken Fried", "Feathered Indians"], "track uri": ["spotify:track:2FQrifJ1N335Ljm3TjTVVf", "spotify:track:7221xIgOnuakPdLqT0F3nP", "spotify:track:2uqYupMHANxnwgeiXTZXzd", "spotify:track:7Fzl7QaTu47WyP9R5S5mh5", "spotify:track:5iJKGpnFfvbjZJeAtwXfCj", "spotify:track:4ZJ4vzLQekI0WntDbanNC7", "spotify:track:3Pbp7cUCx4d3OAkZSCoNvn", "spotify:track:4KULAymBBJcPRpk1yO4dOG", "spotify:track:59uQI0PADDKeE6UZDTJEe8", "spotify:track:6GG4yyk3UATdBfTHVgI8PB", "spotify:track:3WMj8moIAXJhHsyLaqIIHI", "spotify:track:1Lo0QY9cvc8sUB2vnIOxDT", "spotify:track:7fveJ3pk1eSfxBdVkzdXZ0", "spotify:track:0y5Ex8oQ8zCH5TQxHUy1Eo", "spotify:track:0eBFgRxyVSeuT4iyrbukdn", "spotify:track:73KAidtqbDftZjy8AD0H04", "spotify:track:0PAcdVzhPO4gq1Iym9ESnK", "spotify:track:1mMLMZYXkMueg65jRRWG1l", "spotify:track:5JRYVSZ6K2jY0kznYBmoqr", "spotify:track:1t2MQpMDtJT5VL2tAPHrGN", "spotify:track:3fqwjXwUGN6vbzIwvyFMhx", "spotify:track:0Z7nGFVCLfixWctgePsRk9", "spotify:track:2UikqkwBv7aIvlixeVXHWt", "spotify:track:0fCwTrRNfoNk962ati8n2K", "spotify:track:69AIpwGNLxr4qS1X5ynx60", "spotify:track:2kE2HFBFkJ0VMw3igxYohz", "spotify:track:72kGuWpRiuA149Bn5lDkIO", "spotify:track:5cI23aJ66Gw2a4N8l4dGYw", "spotify:track:0wXThIDxO3YRJCpPgnmbkw", "spotify:track:1OG7o5af3ILKrFkp7pvvb0", "spotify:track:7cA3PnUQDlUyBBwpRozQeo", "spotify:track:43SoxERu5UlXAgt4Es1VQU", "spotify:track:61SRKyox0R9jCzci4JXKBS", "spotify:track:2ixkIrn45mNfdLDLHuyfRt", "spotify:track:6DLbBlGIOjjEj0dNN25zhZ", "spotify:track:40vKwNlXXKUmQMGceAoEpy", "spotify:track:2gT2iF1YK5r54A2PDEXVv8", "spotify:track:73NzYbpaYvQ7JfpjztFESL", "spotify:track:7MSWxMumjz6lHj7oRApNbg", "spotify:track:76ODTQOl0JZQbhfxs6nRV9", "spotify:track:6KaKmX6EIu3x2057HoZwQF", "spotify:track:2lNTHWu2I5Tcz9ukWsV5Jj", "spotify:track:6tWGe6nvXFWT0KhGCXM89q", "spotify:track:36wAwEkSDpNQ4oQeRLYC3L", "spotify:track:65M92JpTbAdHmTQm4jGaDa", "spotify:track:3xdjjKMcMOFgo1eQrfbogM", "spotify:track:4686eQ81DEswHa90bcdlC9", "spotify:track:6UoKX6uLJwhsnyTp5k5StP", "spotify:track:0LQtEJt7x0s6knb6RKdRYc", "spotify:track:2tgQaL85WoRfgEa4hFQgrE"], "acousticness": [0.0633, 0.00757, 0.464, 0.239, 0.227, 0.191, 0.384, 0.554, 0.413, 0.00877, 0.555, 0.186, 0.216, 0.353, 0.0189, 0.0839, 0.487, 0.013, 0.523, 0.602, 0.205, 0.582, 0.268, 0.408, 0.639, 0.00354, 0.0755, 0.764, 0.259, 0.85, 0.677, 0.0585, 0.0124, 0.276, 0.126, 0.47, 0.0258, 0.0875, 0.0016, 0.0602, 0.47, 0.646, 0.00801, 0.02, 0.187, 0.455, 0.577, 0.0415, 0.645, 0.75], "danceability": [0.722, 0.638, 0.756, 0.486, 0.492, 0.525, 0.527, 0.429, 0.492, 0.487, 0.369, 0.712, 0.621, 0.663, 0.708, 0.614, 0.659, 0.551, 0.566, 0.442, 0.392, 0.727, 0.602, 0.585, 0.586, 0.662, 0.62, 0.566, 0.431, 0.524, 0.706, 0.647, 0.489, 0.626, 0.38, 0.427, 0.518, 0.662, 0.353, 0.512, 0.739, 0.557, 0.52, 0.593, 0.671, 0.535, 0.582, 0.512, 0.566, 0.536], "energy": [0.709, 0.855, 0.672, 0.702, 0.519, 0.488, 0.551, 0.453, 0.673, 0.658, 0.192, 0.603, 0.779, 0.675, 0.731, 0.743, 0.789, 0.801, 0.734, 0.603, 0.37, 0.711, 0.477, 0.55, 0.559, 0.55, 0.706, 0.184, 0.837, 0.209, 0.358, 0.477, 0.755, 0.583, 0.488, 0.278, 0.557, 0.77, 0.77, 0.672, 0.413, 0.597, 0.8, 0.734, 0.418, 0.66, 0.568, 0.709, 0.713, 0.574], "instrumentalness": [0, 0, 3.37e-06, 7.54e-05, 8.47e-05, 5.14e-05, 2.75e-06, 2e-06, 0, 0.00777, 8.35e-06, 0, 8.62e-06, 0, 4.47e-06, 0, 0, 6.03e-06, 0, 0, 0.0096, 0, 3.1e-05, 3.97e-05, 0, 8.95e-06, 7.78e-06, 0, 0, 0, 0, 0, 0, 0, 7.23e-06, 2.22e-05, 2.46e-06, 0, 0.598, 0, 2.51e-05, 0, 0, 0, 0.215, 0, 0, 4.25e-06, 0, 0.00277], "liveness": [0.0804, 0.245, 0.108, 0.0912, 0.0693, 0.135, 0.403, 0.102, 0.137, 0.1, 0.0954, 0.115, 0.165, 0.21, 0.129, 0.107, 0.115, 0.265, 0.124, 0.161, 0.0821, 0.158, 0.173, 0.115, 0.0872, 0.406, 0.185, 0.14, 0.0879, 0.173, 0.107, 0.159, 0.28, 0.141, 0.115, 0.135, 0.156, 0.35, 0.109, 0.158, 0.131, 0.0974, 0.303, 0.138, 0.132, 0.135, 0.105, 0.107, 0.114, 0.105], "loudness": [-4.95, -4.86, -6.743, -5.758, -6.886, -6.909, -11.258, -7.746, -5.431, -9.973, -12.151, -5.52, -3.777, -5.851, -4.872, -5.046, -5.723, -5.069, -5.631, -5.719, -10.888, -6.549, -8.425, -7.342, -6.725, -5.816, -4.176, -11.508, -5.067, -12.437, -8.331, -8.264, -4.471, -7.346, -6.637, -8.83, -4.839, -4.887, -11.066, -5.298, -6.709, -8.296, -4.256, -5.416, -14.124, -7.174, -7.3, -5.766, -4.25, -6.705], "speechiness": [0.0273, 0.0264, 0.0522, 0.0298, 0.0288, 0.038, 0.0345, 0.0459, 0.0347, 0.0296, 0.04, 0.0262, 0.0361, 0.0321, 0.0345, 0.0313, 0.0293, 0.0303, 0.0349, 0.0304, 0.0298, 0.078, 0.032, 0.0255, 0.05, 0.0366, 0.0251, 0.0381, 0.0432, 0.0405, 0.0347, 0.0356, 0.045, 0.0318, 0.029, 0.0331, 0.0332, 0.0367, 0.0493, 0.03, 0.0282, 0.048, 0.041, 0.0514, 0.0371, 0.0297, 0.0275, 0.0329, 0.0418, 0.0254], "tempo": [81.012, 127.986, 114.935, 81.053, 80.868, 84.999, 148.035, 77.639, 203.812, 142.18, 175.212, 97.994, 172.037, 128.942, 116.975, 138.077, 139.982, 128.027, 171.829, 86.494, 48.718, 110.012, 183.89, 78.176, 177.945, 136.184, 81.989, 97.1, 170.041, 148.59, 75.991, 142.034, 113.05, 87.977, 156.031, 85.633, 111.865, 132.057, 145.225, 76.821, 139.921, 78.526, 93.155, 125.937, 91.866, 148.044, 121.991, 97.981, 169.861, 87.194],